GOT.S04E05.BDRip.1080p.mkv	3222.016000	h264	1920	1080	24000/1001
GOT.S04E04.BDRip.1080p.mkv	3334.304000	h264	1920	1080	24000/1001
GOT.S04E06.BDRip.1080p.mkv	3071.232000	h264	1920	1080	24000/1001
GOT.S04E08.BDRip.1080p.mkv	3142.976000	h264	1920	1080	24000/1001
GOT.S04E09.BDRip.1080p.mkv	3034.272000	h264	1920	1080	24000/1001
GOT.S04E03.BDRip.1080p.mkv	3443.616000	h264	1920	1080	24000/1001
GOT.S04E01.BDRip.1080p.mkv	3523.168000	h264	1920	1080	24000/1001
GOT.S04E02.BDRip.1080p.mkv	3184.192000	h264	1920	1080	24000/1001
GOT.S04E10.BDRip.1080p.mkv	3919.776000	h264	1920	1080	24000/1001
GOT.S01E09.BDRip.1080p.mkv	3376.288000	h264	1920	1080	24000/1001
GOT.S04E07.BDRip.1080p.mkv	3095.264000	h264	1920	1080	24000/1001
GOT.S01E10.BDRip.1080p.mkv	3157.248000	h264	1920	1080	24000/1001
GOT.S01E04.BDRip.1080p.mkv	3337.824000	h264	1920	1080	24000/1001
GOT.S01E08.BDRip.1080p.mkv	3488.192000	h264	1920	1080	24000/1001
GOT.S01E07.BDRip.1080p.mkv	3467.168000	h264	1920	1080	24000/1001
GOT.S01E06.BDRip.1080p.mkv	3156.864000	h264	1920	1080	24000/1001
GOT.S01E02.BDRip.1080p.mkv	3317.408000	h264	1920	1080	24000/1001
GOT.S01E03.BDRip.1080p.mkv	3434.144000	h264	1920	1080	24000/1001
GOT.S07E05.BDRip.1080p.mkv	3510.688000	h264	1920	1080	24000/1001
GOT.S01E01.BDRip.1080p.mkv	3697.184000	h264	1920	1080	24000/1001
GOT.S01E05.BDRip.1080p.mkv	3256.544000	h264	1920	1080	24000/1001
GOT.S07E07.BDRip.1080p.mkv	4790.976000	h264	1920	1080	24000/1001
GOT.S07E03.BDRip.1080p.mkv	3744.288000	h264	1920	1080	24000/1001
GOT.S07E02.BDRip.1080p.mkv	3485.920000	h264	1920	1080	24000/1001
GOT.S05E02.BDRip.1080p.mkv	3334.784000	h264	1920	1080	24000/1001
GOT.S07E04.BDRip.1080p.mkv	2965.152000	h264	1920	1080	24000/1001
GOT.S05E08.BDRip.1080p.mkv	3603.040000	h264	1920	1080	24000/1001
GOT.S07E06.BDRip.1080p.mkv	4203.456000	h264	1920	1080	24000/1001
GOT.S07E01.BDRip.1080p.mkv	3520.192000	h264	1920	1080	24000/1001
GOT.S05E04.BDRip.1080p.mkv	3025.696000	h264	1920	1080	24000/1001
GOT.S05E09.BDRip.1080p.mkv	3143.008000	h264	1920	1080	24000/1001
GOT.S05E03.BDRip.1080p.mkv	3596.832000	h264	1920	1080	24000/1001
GOT.S05E05.BDRip.1080p.mkv	3402.272000	h264	1920	1080	24000/1001
GOT.S05E07.BDRip.1080p.mkv	3531.872000	h264	1920	1080	24000/1001
GOT.S05E10.BDRip.1080p.mkv	3615.104000	h264	1920	1080	24000/1001
GOT.S05E01.BDRip.1080p.mkv	3131.584000	h264	1920	1080	24000/1001
GOT.S05E06.BDRip.1080p.mkv	3222.080000	h264	1920	1080	24000/1001
GOT.S02E08.BDRip.1080p.mkv	3231.232000	h264	1920	1080	24000/1001
GOT.S02E07.BDRip.1080p.mkv	3310.976000	h264	1920	1080	24000/1001
GOT.S02E01.BDRip.1080p.mkv	3161.408000	h264	1920	1080	24000/1001
GOT.S02E03.BDRip.1080p.mkv	3195.040000	h264	1920	1080	24000/1001
GOT.S02E06.BDRip.1080p.mkv	3241.696000	h264	1920	1080	24000/1001
GOT.S02E10.BDRip.1080p.mkv	3836.832000	h264	1920	1080	24000/1001
GOT.S02E05.BDRip.1080p.mkv	3250.336000	h264	1920	1080	24000/1001
GOT.S02E09.BDRip.1080p.mkv	3297.920000	h264	1920	1080	24000/1001
GOT.S02E02.BDRip.1080p.mkv	3239.776000	h264	1920	1080	24000/1001
GOT.S02E04.BDRip.1080p.mkv	3041.088000	h264	1920	1080	24000/1001
GOT.S08E01.BDRip.1080p.mkv	3187.936000	h264	1920	1080	24000/1001
GOT.S08E05.BDRip.1080p.mkv	4680.064000	h264	1920	1080	24000/1001
GOT.S08E02.BDRip.1080p.mkv	3479.968000	h264	1920	1080	24000/1001
GOT.S08E06.BDRip.1080p.mkv	4716.896000	h264	1920	1080	24000/1001
GOT.S08E03.BDRip.1080p.mkv	4880.768000	h264	1920	1080	24000/1001
GOT.S03E10.BDRip.1080p.mkv	3793.824000	h264	1920	1080	24000/1001
GOT.S08E04.BDRip.1080p.mkv	4624.544000	h264	1920	1080	24000/1001
GOT.S03E07.BDRip.1080p.mkv	3487.712000	h264	1920	1080	24000/1001
GOT.S03E09.BDRip.1080p.mkv	3078.272000	h264	1920	1080	24000/1001
GOT.S03E04.BDRip.1080p.mkv	3233.056000	h264	1920	1080	24000/1001
GOT.S03E08.BDRip.1080p.mkv	3411.648000	h264	1920	1080	24000/1001
GOT.S03E05.BDRip.1080p.mkv	3475.520000	h264	1920	1080	24000/1001
GOT.S03E01.BDRip.1080p.mkv	3271.520000	h264	1920	1080	24000/1001
GOT.S03E03.BDRip.1080p.mkv	3199.008000	h264	1920	1080	24000/1001
GOT.S03E02.BDRip.1080p.mkv	3425.472000	h264	1920	1080	24000/1001
GOT.S03E06.BDRip.1080p.mkv	3232.064000	h264	1920	1080	24000/1001
GOT.S06E07.BDRip.1080p.mkv	3020.896000	h264	1920	1080	24000/1001
GOT.S06E05.BDRip.1080p.mkv	3408.160000	h264	1920	1080	24000/1001
GOT.S06E09.BDRip.1080p.mkv	3557.632000	h264	1920	1080	24000/1001
GOT.S06E06.BDRip.1080p.mkv	3087.648000	h264	1920	1080	24000/1001
GOT.S06E01.BDRip.1080p.mkv	3004.224000	h264	1920	1080	24000/1001
GOT.S06E08.BDRip.1080p.mkv	3500.832000	h264	1920	1080	24000/1001
GOT.S06E02.BDRip.1080p.mkv	3222.656000	h264	1920	1080	24000/1001
GOT.S06E04.BDRip.1080p.mkv	3521.696000	h264	1920	1080	24000/1001
GOT.S06E03.BDRip.1080p.mkv	3132.544000	h264	1920	1080	24000/1001
GOT.S06E10.BDRip.1080p.mkv	4081.472000	h264	1920	1080	24000/1001
